"","Global","PV","Deep","SWM"
"Global",1,0.944312355212423,0.312515693881936,0.588463691281931
"PV",0.944312355212423,1,0.328220459925775,0.532069276524603
"Deep",0.312515693881936,0.328220459925775,1,0.571604573983024
"SWM",0.588463691281931,0.532069276524603,0.571604573983024,1
