"","Global","PV","Deep","SWM"
"Global",1,0.970918892719988,0.240848339357419,0.393213458315105
"PV",0.970918892719988,1,0.203381341813509,0.293536374671253
"Deep",0.240848339357419,0.203381341813509,1,0.389506842527093
"SWM",0.393213458315105,0.293536374671253,0.389506842527093,1
