"","Global","PV","Deep","SWM"
"Global",1,0.962642016942376,0.365629098447613,0.628674225471626
"PV",0.962642016942376,1,0.360657544628357,0.517660164998561
"Deep",0.365629098447613,0.360657544628357,1,0.431813949723965
"SWM",0.628674225471626,0.517660164998561,0.431813949723965,1
