"","Global","PV","Deep","SWM"
"Global",1,0.984440545523696,0.37937951881573,0.771313249200401
"PV",0.984440545523696,1,0.332813286877947,0.678452163898192
"Deep",0.37937951881573,0.332813286877947,1,0.444988582532633
"SWM",0.771313249200401,0.678452163898192,0.444988582532633,1
