"","Global","PV","Deep","SWM"
"Global",1,0.98574948323719,0.580835346791282,0.761719072359245
"PV",0.98574948323719,1,0.573261698835674,0.696697454980989
"Deep",0.580835346791282,0.573261698835674,1,0.529772575287873
"SWM",0.761719072359245,0.696697454980989,0.529772575287873,1
