"","Global","PV","Deep","SWM"
"Global",1,0.91933271565665,-0.18543972855107,0.0591639000579621
"PV",0.91933271565665,1,-0.137978399078151,0.0591670881450086
"Deep",-0.18543972855107,-0.137978399078151,1,0.444657768294513
"SWM",0.0591639000579621,0.0591670881450086,0.444657768294513,1
