"","Global","PV","Deep","SWM"
"Global",1,0.925742115544862,0.21641797631088,0.395149296355531
"PV",0.925742115544862,1,0.160019050762691,0.291534934962328
"Deep",0.21641797631088,0.160019050762691,1,0.599756178031962
"SWM",0.395149296355531,0.291534934962328,0.599756178031962,1
